{
  "sub_vp_linear": {
    "1": 260.1457310161932,
    "2": 130.3543153455495,
    "3": 117.20376140077401,
    "4": 109.91240251155766,
    "5": 105.01183228358589,
    "6": 101.15359163406255,
    "7": 100.37778609488016,
    "8": 97.94791773335098,
    "9": 96.37506938651394,
    "10": 95.22727897039155,
    "11": 94.85714777290364,
    "12": 92.44081423044814,
    "13": 91.37175478532797,
    "14": 89.16780511802419,
    "15": 89.96367672581196,
    "16": 91.04265665703113,
    "17": 87.8866554904167,
    "18": 88.89711484396854,
    "19": 87.757052692306,
    "20": 87.57904599084878,
    "21": 88.10150197216922,
    "22": 89.2361532147888,
    "23": 86.60248400793051,
    "24": 87.5559797652847,
    "25": 85.77749771352315,
    "26": 86.35518846243544,
    "27": 85.15089925780626,
    "28": 84.23715174838405,
    "29": 86.8914971705288,
    "30": 83.77729852973958,
    "31": 85.00811139275046,
    "32": 85.20841696073332,
    "33": 84.0711430600842,
    "34": 86.2836346150664,
    "35": 84.2833929037499,
    "36": 85.6345927636032,
    "37": 82.83995464939595,
    "38": 84.95369246304797,
    "39": 84.19852141163233,
    "40": 82.88109046175047,
    "41": 82.63802068373737,
    "42": 82.21097276887626,
    "43": 83.12438718010398,
    "44": 83.65093965847474,
    "45": 84.37316591111595,
    "46": 81.44694439041645,
    "47": 82.53315797303338,
    "48": 83.43493871859577,
    "49": 82.42167660647341,
    "50": 82.84984351545954
  },
  "ve": {
    "1": 234.7952,
    "2": 123.8518,
    "3": 114.407,
    "4": 110.769,
    "5": 108.6564,
    "6": 104.2223,
    "7": 104.0269,
    "8": 103.876,
    "9": 102.2514,
    "10": 100.2294,
    "11": 100.0771,
    "12": 98.575,
    "13": 98.8905,
    "14": 98.4368,
    "15": 98.448,
    "16": 96.9442,
    "17": 96.2948,
    "18": 96.2626,
    "19": 95.6817,
    "20": 95.0841,
    "21": 95.5447,
    "22": 95.0955,
    "23": 93.6688,
    "24": 94.1673,
    "25": 94.3083,
    "26": 93.8673,
    "27": 92.3415,
    "28": 93.9691,
    "29": 92.3734,
    "30": 93.098,
    "31": 93.3852,
    "32": 93.0002,
    "33": 90.9484,
    "34": 92.6865,
    "35": 92.5292,
    "36": 93.269,
    "37": 91.1843,
    "38": 91.202,
    "39": 91.5546,
    "40": 92.9698,
    "41": 91.6906,
    "42": 92.671,
    "43": 90.5815,
    "44": 91.8307,
    "45": 91.481,
    "46": 91.0121,
    "47": 90.9209,
    "48": 90.4491,
    "49": 90.7704,
    "50": 89.933,
    "51": 90.9474,
    "52": 90.3603,
    "53": 89.7386,
    "54": 90.5524,
    "55": 91.4133,
    "56": 90.4778,
    "57": 90.0867,
    "58": 90.3781,
    "59": 91.1903,
    "60": 91.335,
    "61": 90.0624,
    "62": 89.6145,
    "63": 89.5294,
    "64": 90.9291,
    "65": 89.4656,
    "66": 89.4801,
    "67": 89.1413,
    "68": 89.8341,
    "69": 90.0739,
    "70": 89.8672,
    "71": 89.2519,
    "72": 89.562,
    "73": 88.9631,
    "74": 88.8376,
    "75": 88.4236,
    "76": 88.8594,
    "77": 88.9483,
    "78": 88.9564,
    "79": 88.2403,
    "80": 88.858,
    "81": 89.6038,
    "82": 88.9473,
    "83": 88.7836,
    "84": 89.9449,
    "85": 88.6656,
    "86": 88.1425,
    "87": 88.3471,
    "88": 88.6654,
    "89": 88.9575,
    "90": 88.5495,
    "91": 89.3262,
    "92": 87.9442,
    "93": 89.2625,
    "94": 89.3501,
    "95": 87.7972,
    "96": 88.9703,
    "97": 89.0911,
    "98": 87.8285,
    "99": 88.7934,
    "100": 88.6682,
    "101": 88.5582,
    "102": 90.0327,
    "103": 87.6674,
    "104": 88.7908,
    "105": 87.9584,
    "106": 89.63,
    "107": 88.409,
    "108": 88.1674,
    "109": 88.4215,
    "110": 87.7877,
    "111": 88.0841,
    "112": 89.9685,
    "113": 86.9382,
    "114": 88.3898,
    "115": 88.2952,
    "116": 87.767,
    "117": 87.9744,
    "118": 86.8411,
    "119": 88.97,
    "120": 87.6586,
    "121": 88.7424,
    "122": 87.62,
    "123": 87.7448,
    "124": 88.6468,
    "125": 87.6094,
    "126": 87.6732,
    "127": 89.2702,
    "128": 87.2033,
    "129": 88.0978,
    "130": 88.9762,
    "131": 86.9259,
    "132": 87.5376,
    "133": 87.4687,
    "134": 89.3623,
    "135": 87.0395,
    "136": 87.4225,
    "137": 87.733,
    "138": 87.8727,
    "139": 88.5251,
    "140": 87.3594,
    "141": 86.7776,
    "142": 88.3483,
    "143": 86.0617,
    "144": 88.2648,
    "145": 87.0442,
    "146": 88.1251,
    "147": 87.0842,
    "148": 87.654,
    "149": 86.9934,
    "150": 86.3143,
    "151": 86.3624,
    "152": 86.6877,
    "153": 86.6715,
    "154": 87.544,
    "155": 87.4372,
    "156": 87.7441,
    "157": 87.0927,
    "158": 87.1903,
    "159": 87.4534,
    "160": 86.0204,
    "161": 87.4755,
    "162": 88.29,
    "163": 87.744,
    "164": 86.9027,
    "165": 87.5154,
    "166": 86.5627,
    "167": 87.5537,
    "168": 87.9876,
    "169": 88.1579,
    "170": 86.4637,
    "171": 86.7921,
    "172": 86.856,
    "173": 87.2255,
    "174": 86.463,
    "175": 86.6937,
    "176": 86.2288,
    "177": 86.9251,
    "178": 86.7362,
    "179": 86.2598,
    "180": 87.7395,
    "181": 86.5565,
    "182": 86.2159,
    "183": 87.5638,
    "184": 85.5903,
    "185": 85.5529,
    "186": 86.0441,
    "187": 85.7192,
    "188": 87.6515,
    "189": 86.1908,
    "190": 85.8347,
    "191": 86.9339,
    "192": 86.774,
    "193": 86.2607,
    "194": 86.8639,
    "195": 86.1893,
    "196": 86.0542,
    "197": 86.4769,
    "198": 85.7888,
    "199": 87.2253,
    "200": 85.8979
  },
  "vp_linear": {
    "1": 231.0141,
    "2": 139.9519,
    "3": 127.6022,
    "4": 123.4795,
    "5": 117.6542,
    "6": 116.1754,
    "7": 112.409,
    "8": 109.6701,
    "9": 110.5692,
    "10": 109.4819,
    "11": 108.7296,
    "12": 107.7114,
    "13": 107.4133,
    "14": 105.89,
    "15": 105.0286,
    "16": 104.9688,
    "17": 103.3891,
    "18": 105.567,
    "19": 105.0517,
    "20": 106.2976,
    "21": 103.8456,
    "22": 106.0954,
    "23": 104.96,
    "24": 103.2996,
    "25": 104.0515,
    "26": 103.6516,
    "27": 102.9735,
    "28": 102.9943,
    "29": 103.6255,
    "30": 100.4557,
    "31": 102.812,
    "32": 103.2481,
    "33": 103.2831,
    "34": 104.0873,
    "35": 100.2542,
    "36": 103.5916,
    "37": 102.3118,
    "38": 100.7511,
    "39": 102.321,
    "40": 100.6347,
    "41": 100.5659,
    "42": 99.843,
    "43": 100.246,
    "44": 100.9662,
    "45": 100.6709,
    "46": 100.3628,
    "47": 100.2405,
    "48": 100.1454,
    "49": 100.4441,
    "50": 100.6188
  },
  "vp_coseno": {
    "1": 199.34069832023758,
    "2": 196.90296424807184,
    "3": 196.1323655462631,
    "4": 197.4871323919662,
    "5": 197.0023717660733,
    "6": 194.91602916668748,
    "7": 195.28057732545506,
    "8": 194.41714797544358,
    "9": 193.99088706872652,
    "10": 194.71385875809224,
    "11": 191.95388782237802,
    "12": 190.31177860269767,
    "13": 192.04682781873151,
    "14": 193.03388778023097,
    "15": 191.38700175956083,
    "16": 193.81756946924702,
    "17": 191.8926815413453,
    "18": 191.28826205748732,
    "19": 191.02040369370405,
    "20": 189.94701469401875,
    "21": 190.5147436976128,
    "22": 192.85515658873732,
    "23": 189.5302774765912,
    "24": 188.67034992110698,
    "25": 190.4044909855289,
    "26": 189.64341888037484,
    "27": 185.9315238620924,
    "28": 188.45009599378346,
    "29": 188.27047936324877,
    "30": 185.13893303054067,
    "31": 189.9197275303209,
    "32": 188.72304091977952,
    "33": 187.67428075687965,
    "34": 189.24051999923824,
    "35": 191.50959110503916,
    "36": 187.6922463029242,
    "37": 188.34819294180713,
    "38": 187.50047454443734,
    "39": 188.48801115772608,
    "40": 185.53314037274217,
    "41": 187.5372608506771,
    "42": 189.14563944394632,
    "43": 185.9939499876993,